date,market,Paid Search,Paid Social,OTAs,Paid Display,Paid Search_rev,Paid Social_rev,OTAs_rev,Paid Display_rev,total_revenue,conversions,conversions_base
2024-01-07,Azalea,21490.142459033697,14723.471397657631,10971.53280715104,14741.453741534446,55874.37039348762,64783.274149693585,32914.59842145312,48646.79734706367,202219.040311698,2022.19040311698,2022.19040311698
2024-01-14,Azalea,19297.539875829993,14531.726086101638,12368.819223261087,13381.382512475237,50173.60367715798,63939.59477884721,37106.45766978326,44158.56229116828,195378.21841695675,1953.7821841695675,1953.7821841695675
2024-01-21,Azalea,18591.576842195143,16085.12008717193,9304.873460781306,11161.686443573537,48338.099789707376,70774.52838355649,27914.620382343917,36833.56526379267,183860.81381940044,1838.6081381940044,1838.6081381940044
2024-01-28,Azalea,20725.886814698104,11173.439510684404,7412.6232512304505,10987.88244736625,53887.30571821507,49163.133847011384,22237.869753691353,36260.01207630862,161548.32139522643,1615.4832139522644,1615.4832139522644
2024-02-04,Azalea,16961.50663899673,15628.494665190548,8637.963886718184,9457.853337596476,44099.9172613915,68765.37652683842,25913.89166015455,31210.91601406837,169990.10146245285,1699.9010146245284,1699.9010146245284
2024-02-11,Azalea,24396.94630676466,14548.447399026929,10101.292307031887,9435.453264815778,63432.060397588124,64013.16855571849,30303.87692109566,31136.995773892068,188886.10164829434,1888.8610164829433,1888.8610164829433
2024-02-18,Azalea,18366.851826424452,15221.845179419732,8273.509633866546,12676.25643302221,47753.814748703575,66976.11878944683,24820.52890159964,41831.646228973295,181382.10866872332,1813.8210866872332,1813.8210866872332
2024-02-25,Azalea,18198.083930243585,14416.612500413446,9097.440081655905,15334.100732116087,47315.018218633326,63433.09500181917,27292.320244967712,50602.532415983085,188642.9658814033,1886.429658814033,1886.429658814033
2024-03-03,Azalea,19959.5083257862,12884.5781420882,11233.817368154783,9802.48143005216,51894.72164704412,56692.14382518808,33701.45210446435,32348.188719172125,174636.50629586866,1746.3650629586866,1746.3650629586866
2024-03-10,Azalea,20626.590785014265,11080.659752240448,8007.720926652354,12354.350224564423,53629.13604103709,48754.90290985798,24023.162779957063,40769.355741062594,167176.55747191474,1671.7655747191475,1671.7655747191475
2024-03-17,Azalea,22215.39973998623,15342.736562379941,9826.527576417639,11458.01334793928,57760.0393239642,67508.04087447174,29479.582729252914,37811.44404819962,192559.10697588848,1925.591069758885,1925.591069758885
2024-03-24,Azalea,15564.434028897718,13560.311583210583,9309.041843560319,13902.820007194048,40467.528475134066,59665.37096612657,27927.125530680954,45879.306023740355,173939.33099568196,1739.3933099568196,1739.3933099568196
2024-03-31,Azalea,21030.854868705384,11473.919689274531,10486.125954092193,11306.851895250631,54680.222658634004,50485.24663280794,31458.37786227658,37312.61125432708,173936.4584080456,1739.364584080456,1739.364584080456
2024-04-07,Azalea,17969.233999082124,16223.352577681735,11546.499283743926,13676.304214409158,46720.00839761352,71382.75134179964,34639.497851231776,45131.80390755022,197874.06149819517,1978.7406149819517,1978.7406149819517
2024-04-14,Azalea,17482.347430332084,14381.575248297571,10496.895147105346,13755.981228820247,45454.10331886342,63278.931092509316,31490.68544131604,45394.73805510681,185618.4579077956,1856.184579077956,1856.184579077956
2024-04-21,Azalea,18562.47728646413,14628.682046672366,8340.497538990958,9846.828076654792,48262.440944806745,64366.201005358416,25021.49261697287,32494.532652960814,170144.66722009884,1701.4466722009884,1701.4466722009884
2024-04-28,Azalea,22437.577467182593,17712.480057141645,9891.9848176295,13806.359216205643,58337.701414674746,77934.91225142324,29675.9544528885,45560.98541347862,211509.55353246513,2115.0955353246513,2115.0955353246513
2024-05-05,Azalea,21084.908075142903,13709.760490789751,10542.09340826262,14768.465819638745,54820.76099537155,60322.94615947491,31626.280224787864,48735.93720480785,195505.92458444217,1955.0592458444216,1955.0592458444216
2024-05-12,Azalea,19892.521882670146,18129.287311628013,6070.3823438653835,13479.424507875403,51720.55689494238,79768.86417116327,18211.14703159615,44482.10087598883,194182.66897369066,1941.8266897369065,1941.8266897369065
2024-05-19,Azalea,20261.141204714513,14401.985299068265,10137.641164803254,8422.375953718392,52678.967132257734,63368.73531590037,30412.923494409762,27793.840647270692,174254.46658983856,1742.5446658983856,1742.5446658983856
2024-05-26,Azalea,19340.984336487465,15714.225143023494,12216.841067112275,11067.113607107434,50286.55927486741,69142.59062930338,36650.52320133682,36521.47490345453,192601.14800896216,1926.0114800896217,1926.0114800896217
2024-06-02,Azalea,17574.519191320436,13996.485912830927,11373.103176553112,12591.751997387431,45693.74989743314,61584.538016456085,34119.30952965934,41552.78159137852,182950.3790349271,1829.503790349271,1829.503790349271
2024-06-09,Azalea,18410.719388698883,16026.534866226712,10145.616324022061,13743.560982959201,47867.8704106171,70516.75341139754,30436.848972066182,45353.751243765364,194175.2240378462,1941.752240378462,1941.752240378462
2024-06-16,Azalea,17893.840718367945,14344.675706804464,9411.837770301763,9365.673093362188,46523.98586775666,63116.57310993965,28235.51331090529,30906.721208095216,168782.7934966968,1687.827934966968,1687.827934966968
2024-06-23,Azalea,20888.360831193728,15522.110544359779,10007.670184963692,11577.743159924736,54309.73816110369,68297.28639518304,30023.010554891076,38206.55242775162,190836.58753892942,1908.3658753892942,1908.3658753892942
2024-06-30,Azalea,15753.887773848757,14158.709354469282,9485.928225209846,10555.900915401086,40960.10821200677,62298.32115966485,28457.784675629537,34834.47302082358,166550.68706812474,1665.5068706812474,1665.5068706812474
2024-07-07,Azalea,19516.142865001973,15808.101713629077,12829.278851815796,12314.24006309731,50741.971449005134,69555.64753996795,38487.836555447386,40636.99220822112,199422.44775264157,1994.2244775264157,1994.2244775264157
2024-07-14,Azalea,20772.651172168295,14851.108168467665,7121.843177051438,11952.27502419141,54008.89304763757,65344.87594125773,21365.529531154316,39442.50757983165,180161.80609988124,1801.6180609988123,1801.6180609988123
2024-07-21,Azalea,20180.69062982308,19926.484224970573,9711.458552828317,12542.785216200502,52469.79563754001,87676.53058987053,29134.37565848495,41391.19121346166,210671.89309935714,2106.7189309935716,2106.7189309935716
2024-07-28,Azalea,19895.86469088427,12662.643924760936,11714.23422177253,13353.479458836193,51729.24819629911,55715.63326894812,35142.70266531759,44066.482214159434,186654.06634472427,2183.852576233274,1866.5406634472427
2024-08-04,Azalea,22373.09584112914,13181.225090410522,12104.191466404149,9476.668086973894,58170.049186935765,57997.3903978063,36312.57439921245,31273.004687013847,183753.01867096836,2149.9103184503297,1837.5301867096837
2024-08-11,Azalea,21760.57128140081,19380.911251619957,8514.195512303968,10980.66408671501,56577.485331642114,85276.00950712782,25542.586536911906,36236.191486159536,203632.27286184137,2382.497592483544,2036.3227286184137
2024-08-18,Azalea,20298.954095262925,13993.0486917676,7674.004853400801,12123.41335465085,52777.280647683605,61569.41424377745,23022.014560202402,40007.2640703478,177375.97352201125,2075.2988902075317,1773.7597352201126
2024-08-25,Azalea,16813.088858821684,15947.184861270363,8620.863648649296,14789.881929031571,43714.03103293638,70167.6133895896,25862.590945947886,48806.61036580418,188550.84573427803,2206.0448950910527,1885.5084573427803
2024-09-01,Azalea,17650.24012299129,14355.876967588649,11220.275826054505,9784.444230418881,45890.62431977736,63165.85865739006,33660.82747816351,32288.665960382306,175005.97641571326,2047.569924063845,1750.0597641571326
2024-09-08,Azalea,20682.37980381239,17614.285508564855,7588.775148158158,12332.340945358148,53774.18748991221,77502.85623768537,22766.325444474474,40696.72511968188,194740.09429175392,2278.459103213521,1947.4009429175392
2024-09-15,Azalea,20779.648382745272,16563.64574355462,8144.573933682877,9623.178096448302,54027.08579513771,72880.04127164034,24433.721801048632,31756.487718279397,183097.33658610607,2142.238838057441,1830.9733658610608
2024-09-22,Azalea,21565.824696850694,15593.969346466372,10375.739275518816,12623.606777094556,56071.14421181181,68613.46512445205,31127.217826556447,41657.90236441203,197469.72952723232,2310.3958354686183,1974.6972952723233
2024-09-29,Azalea,17959.925835264527,15464.507394322007,10439.608709948021,10714.167447552538,46695.80717168777,68043.83253501683,31318.826129844063,35356.752576923376,181415.21841347203,2122.5580554376224,1814.1521841347203
2024-10-06,Azalea,25597.323533434268,15947.665841823575,8213.044754196027,13181.796495540893,66553.0411869291,70169.72970402373,24639.134262588082,43499.92843528494,204861.83358882586,2396.8834529892624,2048.6183358882586
2024-10-13,Azalea,17075.954989318037,16574.169207484905,11737.893368511106,10522.77182696692,44397.4829722269,72926.34451293359,35213.68010553332,34725.14702899083,187262.65461968468,2190.9730590503104,1872.6265461968467
2024-10-20,Azalea,22890.128387732966,15825.561853872996,11233.090239991736,15414.227368777105,59514.333808105715,69632.4721570412,33699.270719975204,50866.950316964445,213713.02700208654,2500.442415924412,2137.1302700208653
2024-10-27,Azalea,19263.835651991387,13492.527671285021,8665.728355561714,10531.541487062212,50085.97269517761,59367.12175365409,25997.185066685142,34754.086907305296,170204.36642282215,1991.3910871470189,1702.0436642282214
2024-11-03,Azalea,19768.69487175769,15682.303949633288,10415.036198995029,13488.929848264843,51398.60666656999,69002.13737838647,31245.108596985086,44513.46849927398,196159.3211412155,2295.0640573522214,1961.5932114121551
2024-11-10,Azalea,20039.00567563372,17907.068154314635,9603.014750143066,16896.304499861315,52101.414756647675,78791.0998789844,28809.044250429197,55757.804849542335,215459.3637356036,2520.874555706562,2154.593637356036
2024-11-17,Azalea,21877.00204329502,13285.684887167436,8393.661252908332,12868.450347437734,56880.20531256705,58457.01350353672,25180.983758724997,42465.88614654452,182984.0887213733,2140.9138380400673,1829.840887213733
2024-11-24,Azalea,19329.611644022447,16428.000988184183,10709.856436860317,11868.907957217629,50256.99027445837,72283.20434801042,32129.569310580948,39167.396258818175,193837.1601918679,2267.8947742448545,1938.371601918679
2024-12-01,Azalea,17459.618845794786,11970.30555062827,9330.227571899468,13541.51782978225,45395.00899906645,52669.34442276439,27990.682715698404,44687.00883828142,170742.04497581066,1997.6819262169845,1707.4204497581065
2024-12-08,Azalea,20642.28123239061,12508.522442576024,10259.771388776773,12693.571283511907,53669.93120421559,55037.49874733451,30779.314166330318,41888.78523558929,181375.5293534697,2122.093693435595,1813.7552935346969
2024-12-15,Azalea,17348.427691396602,15307.450211891055,10087.313077669,9942.653463904879,45105.91199763117,67352.78093232065,30261.939233006997,32810.7564308861,175531.38859384492,2053.7172465479853,1755.3138859384492
2024-12-22,Azalea,21073.36208104485,16121.56905273647,11624.576864762916,13896.843693662826,54790.741410716604,70934.90383204047,34873.73059428875,45859.58418908732,206458.96002613317,2415.569832305758,2064.5896002613317
2024-12-29,Azalea,15866.991896128726,13124.349920169754,10772.552900812989,12924.814711641975,41254.178929934686,57747.139648746925,32317.658702438966,42651.888548418516,173970.86582953908,2035.459130205607,1739.7086582953907
2024-01-07,Begonia,21545.143058918144,22705.462981309443,10856.33576603975,14044.018152325078,56017.371953187176,99904.03711776156,32569.00729811925,46345.259902672755,234835.67627174073,2348.356762717407,2348.356762717407
2024-01-14,Begonia,22862.005290479607,16302.782502611597,9527.096133039482,13366.144596887882,59441.21375524698,71732.24301149104,28581.288399118446,44108.277169730005,203863.0223355865,2038.630223355865,2038.630223355865
2024-01-21,Begonia,17681.524356387286,14526.362786519981,9271.954678256345,12147.37345089538,45971.96332660694,63915.99626068793,27815.864034769034,40086.33238795475,177790.15601001866,1777.9015601001865,1777.9015601001865
2024-01-28,Begonia,26943.975700020528,11265.469614816504,11029.39028556177,9097.111431858626,70054.33682005337,49568.066305192624,33088.17085668531,30020.467725133465,182731.04170706478,1827.3104170706479,1827.3104170706479
2024-02-04,Begonia,18584.204402631698,17177.901193934733,10096.420028643193,10060.059399727248,48318.93144684242,75582.76525331283,30289.260085929578,33198.196019099916,187389.1528051847,1873.8915280518472,1873.8915280518472
2024-02-11,Begonia,17854.088872220094,16359.195497869352,8904.450052424294,12389.625461247555,46420.63106777225,71980.46019062515,26713.350157272882,40885.76402211693,186000.2054377872,1860.002054377872,1860.002054377872
2024-02-18,Begonia,20136.71551971144,13696.799304788366,13215.916133987988,13141.05424017242,52355.46035124975,60265.91694106882,39647.74840196397,43365.478992568984,195634.6046868515,1956.346046868515,1956.346046868515
2024-02-25,Begonia,13924.572240027179,15372.908629538855,9007.320302847418,13534.380002633203,36203.88782407067,67640.79796997097,27021.960908542256,44663.454008689565,175530.10071127347,1755.3010071127346,1755.3010071127346
2024-03-03,Begonia,17622.4377847019,14770.527117066202,10757.480918470686,13558.35934950622,45818.33824022494,64990.31931509129,32272.44275541206,44742.585853370525,187823.6861640988,1878.2368616409879,1878.2368616409879
2024-03-10,Begonia,16399.11077883267,14330.997528318103,9287.582033258566,10824.007381367319,42637.68802496494,63056.38912459966,27862.7460997757,35719.22435851215,169276.04760785244,1692.7604760785243,1692.7604760785243
2024-03-17,Begonia,25296.36272084329,15809.963421921912,8108.674068497432,13652.151504698597,65770.54307419257,69563.83905645642,24326.022205492296,45052.09996550537,204712.50430164667,2047.1250430164666,2047.1250430164666
2024-03-24,Begonia,26366.468591037898,17064.930521102295,7720.94505106898,11128.378668840747,68552.81833669853,75085.69429285011,23162.835153206943,36723.64960717446,203524.99738993007,2035.2499738993006,2035.2499738993006
2024-03-31,Begonia,23800.73344755987,13584.661068762438,10665.729142219343,13394.341296172806,61881.90696365566,59772.50870255473,31997.187426658027,44201.32627737026,197852.92937023868,1978.529293702387,1978.529293702387
2024-04-07,Begonia,17219.20858526575,14880.9492878764,5138.098989896391,10156.102245598278,44769.942321690956,65476.17686665616,15414.296969689172,33515.137410474315,159175.5535685106,1591.755535685106,1591.755535685106
2024-04-14,Begonia,19242.295545820518,12504.433636070302,12448.616955897452,9425.745519670862,50029.96841913335,55019.507998709334,37345.85086769236,31104.96021491384,173500.2875004489,1735.002875004489,1735.002875004489
2024-04-21,Begonia,18679.86653990905,15261.481154572182,12161.909933599174,9415.448127877009,48567.65300376353,67150.51708011761,36485.72980079752,31070.97882199413,183274.87870667278,1832.7487870667278,1832.7487870667278
2024-04-28,Begonia,23489.49125646488,15020.466122039174,8527.737023428073,12831.786253673887,61072.67726680869,66090.05093697237,25583.21107028422,42344.89463712383,195090.8339111891,1950.908339111891,1950.908339111891
2024-05-05,Begonia,20597.17908672041,13799.56624568241,10104.703127485029,11306.435525648832,53552.66562547307,60718.09148100261,30314.109382455084,37311.23723464114,181896.10372357193,1818.9610372357192,1818.9610372357192
2024-05-12,Begonia,20340.552035753743,16324.261349042094,12379.025224218029,9771.932102111672,52885.43529295973,71826.74993578522,37137.075672654086,32247.375936968518,194096.63683836756,1940.9663683836757,1940.9663683836757
2024-05-19,Begonia,26399.1001239688,11095.824400954996,9772.322357446625,13058.970971672237,68637.66032231889,48821.62736420199,29316.967072339874,43094.60420651838,189870.85896537913,1898.7085896537913,1898.7085896537913
2024-05-26,Begonia,20842.975603205097,13754.600960358812,9687.816624464087,11112.598317614102,54191.736568333254,60520.244225578776,29063.44987339226,36671.574448126536,180447.00511543083,1804.4700511543083,1804.4700511543083
2024-06-02,Begonia,18231.905729167367,16699.20419404205,10535.523228947572,10752.762728530823,47402.95489583516,73476.49845378503,31606.569686842715,35484.11700415171,187970.1400406146,1879.7014004061461,1879.7014004061461
2024-06-09,Begonia,22698.79962629975,15614.59904175322,11219.29317825844,13133.331915462502,59016.87902837936,68704.23578371418,33657.87953477532,43339.995321026254,204718.98966789508,2047.1898966789508,2047.1898966789508
2024-06-16,Begonia,17513.014967233783,13879.63791960606,11120.940407684893,13098.666477780236,45533.838914807835,61070.40684626667,33362.82122305468,43225.59937667478,183192.66636080397,1831.9266636080397,1831.9266636080397
2024-06-23,Begonia,19937.295218107556,15234.654766617565,11916.497343682637,10935.171500095506,51836.96756707965,67032.48097311729,35749.49203104791,36086.06595031517,190705.00652156002,1907.0500652156002,1907.0500652156002
2024-06-30,Begonia,21641.292143510113,14595.614695132212,9673.47819515917,13977.798333576942,56267.3595731263,64220.70465858174,29020.43458547751,46126.734500803905,195635.23331798945,1956.3523331798945,1956.3523331798945
2024-07-07,Begonia,22476.24904696409,16627.01927200128,11958.218210731493,12037.806914938967,58438.247522106634,73158.88479680564,35874.65463219448,39724.76281929859,207196.54977040534,2071.9654977040536,2071.9654977040536
2024-07-14,Begonia,22045.85891388489,14379.466486813088,10486.249528732664,11765.742502138168,57319.233176100715,63269.65254197759,31458.74858619799,38826.95025705595,190874.58456133225,1908.7458456133224,1908.7458456133224
2024-07-21,Begonia,20290.987894978156,16190.314050873827,8772.66897514979,15766.29709623383,52756.56852694321,71237.38182384484,26318.006925449372,52028.78041757164,202340.73769380906,2023.4073769380907,2023.4073769380907
2024-07-28,Begonia,16981.947855500894,12571.622774424535,11737.166310250102,13424.992849133285,44153.06442430233,55315.14020746796,35211.498930750306,44302.47640213984,178982.17996466043,2094.091505586527,1789.8217996466044
2024-08-04,Begonia,21872.359451156466,16256.69101852856,9981.629840729627,10384.942131325502,56868.13457300681,71529.44048152567,29944.88952218888,34270.30903337416,192612.77361009552,2253.5694512381174,1926.1277361009552
2024-08-11,Begonia,20227.413674581177,13645.676576975777,11462.679600126627,11735.296713296151,52591.275553911066,60040.97693869342,34388.03880037988,38726.4791538773,185746.77044686166,2173.237214228281,1857.4677044686166
2024-08-18,Begonia,17523.508409622467,14357.228316694012,10619.397181413437,10985.295804952846,45561.12186501842,63171.80459345366,31858.19154424031,36251.47615634439,176842.59415905678,2069.058351660964,1768.4259415905678
2024-08-25,Begonia,17533.338813300707,15487.374422983825,10367.449856663085,11087.502284331966,45586.68091458184,68144.44746112883,31102.349569989252,36588.75753829548,181422.2354839954,2122.640155162746,1814.222354839954
2024-09-01,Begonia,18586.885083145033,15464.099874715273,7827.873487754014,9466.5652061222,48325.90121617709,68042.03944874721,23483.620463262043,31239.66518020326,171091.22630838963,2001.7673478081585,1710.9122630838963
2024-09-08,Begonia,17844.66733624269,14573.105696576305,10466.361348397008,14655.641190509194,46396.135074231,64121.66506493575,31399.084045191023,48363.61592868034,190280.5001130381,2226.281851322546,1902.8050011303812
2024-09-15,Begonia,22572.978869606057,14680.122940073146,9971.475688145967,10195.447143651943,58689.74506097575,64592.54093632185,29914.4270644379,33644.97557405141,186841.6886357869,2186.0477570387065,1868.416886357869
2024-09-22,Begonia,19944.46059202283,14422.682722159723,10484.077840507134,10510.984301605818,51855.59753925936,63459.80397750279,31452.233521521404,34686.2481952992,181453.88323358278,2123.0104338329184,1814.5388323358277
2024-09-29,Begonia,21558.039542723516,18065.477826005153,9836.859777314714,12723.081099778095,56050.90281108114,79488.10243442268,29510.579331944144,41986.167629267715,207035.7522067157,2422.3183008185733,2070.357522067157
2024-10-06,Begonia,22070.43197513334,14197.559056228327,10336.138722715625,12022.66632140723,57383.12313534668,62469.259847404646,31008.416168146876,39674.79886064386,190535.59801154205,2229.266496735042,1905.3559801154206
2024-10-13,Begonia,20293.028295646494,13453.980432289067,10036.765261388415,12896.39692424181,52761.87356868089,59197.5139020719,30110.295784165246,42558.10984999797,184627.793104916,2160.145179327517,1846.2779310491599
2024-10-20,Begonia,24353.430823385126,16918.541652170414,13229.773686267334,10618.774386801511,63318.92014080133,74441.58326954982,39689.321058802,35041.955476444986,212491.77994559816,2486.153825363498,2124.9177994559814
2024-10-27,Begonia,22616.961910162034,15366.684011476704,13284.704399826509,10545.063086360728,58804.10096642129,67613.4096504975,39854.11319947953,34798.7081849904,201070.3320013887,2352.522884416248,2010.7033200138872
2024-11-03,Begonia,17480.83447345767,13801.214709111955,6814.156413535289,11053.64096097463,45450.16963098995,60725.34472009261,20442.469240605868,36477.01517121628,163094.9987629047,1908.211485525985,1630.949987629047
2024-11-10,Begonia,17722.602015338907,15300.787572952415,10512.63396366574,15377.107510588596,46078.76523988116,67323.46532099062,31537.90189099722,50744.45478494236,195684.58723681135,2289.5096706706927,1956.8458723681135
2024-11-17,Begonia,22851.27151455815,13846.192688675193,8652.377992977463,12885.454508711711,59413.30593785119,60923.247830170854,25957.13397893239,42521.99987874865,188815.68762570308,2209.1435452207256,1888.1568762570307
2024-11-24,Begonia,16039.300378938075,18662.917531708707,11769.16018108193,11155.483826211532,41702.18098523899,82116.83713951832,35307.480543245794,36813.09662649805,195939.59529450117,2292.4932649456637,1959.3959529450117
2024-12-01,Begonia,14860.596412727367,17707.744748330824,9828.190232121073,14228.069361552232,38637.55067309116,77914.07689265563,29484.57069636322,46952.62889312236,192988.82715523237,2257.9692777162186,1929.8882715523237
2024-12-08,Begonia,15216.717023616899,13801.249954092455,10007.865549577275,12084.565068776536,39563.46426140394,60725.49979800681,30023.596648731822,39879.06472696256,170191.62543510512,1991.2420175907296,1701.916254351051
2024-12-15,Begonia,18649.80358556227,16245.699864694998,8398.569355926109,11743.716926961672,48489.4893224619,71481.079404658,25195.708067778327,38754.265858973515,183920.54265387176,2151.8703490502994,1839.2054265387176
2024-12-22,Begonia,20360.886895135696,16028.877668117499,11067.422317133334,9975.644234691836,52938.30592735281,70527.061739717,33202.2669514,32919.62597448305,189587.26059295287,2218.1709489375485,1895.8726059295286
2024-12-29,Begonia,15397.657487793134,17555.353643797018,10498.471017969387,10652.724234198204,40033.90946826215,77243.55603270688,31495.41305390816,35153.98997285407,183926.86852773125,2151.9443617744555,1839.2686852773124
2024-01-07,Carnation,24653.45592656757,15231.349268585718,11768.94577609574,12121.533266538196,64098.985409075685,67017.93678177717,35306.83732828722,40001.05977957604,206424.81929871615,2064.2481929871615,2064.2481929871615
2024-01-14,Carnation,26182.243774645962,18510.681684886407,9626.55377728139,13748.82771171784,68073.83381407951,81446.9994135002,28879.661331844167,45371.13144866887,223771.62600809275,2237.7162600809274,2237.7162600809274
2024-01-21,Carnation,21936.12784875544,17737.263115064696,8552.614809129844,13234.892627997191,57033.93240676415,78043.95770628467,25657.84442738953,43675.145672390725,204410.88021282907,2044.1088021282908,2044.1088021282908
2024-01-28,Carnation,23175.273460548764,11482.52102715377,8225.112231001338,8329.382080031819,60255.71099742679,50523.092519476595,24675.336693004014,27486.960864105,162941.1010740124,1629.411010740124,1629.411010740124
2024-02-04,Carnation,19191.779496666328,16435.084511591926,12253.535578144041,12133.370604755595,49898.62669133245,72314.37185100449,36760.60673443212,40040.12299569346,199013.72827246253,1990.1372827246253,1990.1372827246253
2024-02-11,Carnation,24885.846636713875,12239.797083570218,7444.926340967268,11900.014141986087,64703.20125545608,53855.107167708964,22334.779022901803,39270.04666855408,180163.13411462092,1801.6313411462093,1801.6313411462093
2024-02-18,Carnation,21152.19634681792,14934.610503811813,6898.836849940185,11839.58392887698,54995.71050172659,65712.28621677199,20696.510549820556,39070.62696529403,180475.13423361318,1804.7513423361318,1804.7513423361318
2024-02-25,Carnation,16086.59149848544,16339.345097660076,10549.897369145272,10308.216384610761,41825.137896062144,71893.11842970434,31649.692107435818,34017.11406921551,179385.0625024178,1793.850625024178,1793.850625024178
2024-03-03,Carnation,18458.39924798992,12881.572956222097,9905.981354090241,13719.256176902229,47991.838044773795,56678.921007377234,29717.944062270726,45273.54538377735,179662.2484981991,1796.622484981991,1796.622484981991
2024-03-10,Carnation,17042.82186099337,16008.093031035689,9204.61357244134,10572.82890192778,44311.336838582756,70435.60933655704,27613.84071732402,34890.33537636167,177251.1222688255,1772.511222688255,1772.511222688255
2024-03-17,Carnation,19678.908920136328,12929.515355161253,9169.526041979227,9843.819793340073,51165.163192354456,56889.867562709514,27508.57812593768,32484.60531802224,168048.2141990239,1680.4821419902391,1680.4821419902391
2024-03-24,Carnation,25894.17539874917,15070.527103943457,8950.411738011122,12385.1638393216,67324.85603674783,66310.31925735122,26851.235214033368,40871.04066976128,201357.4511778937,2013.574511778937,2013.574511778937
2024-03-31,Carnation,19663.01585092751,14558.060800933554,10921.250050065139,13363.513878085148,51123.84121241153,64055.46752410764,32763.750150195418,44099.59579768099,192042.65468439556,1920.4265468439555,1920.4265468439555
2024-04-07,Carnation,18408.49655716842,13848.36351871064,9587.422454272533,7856.541903475947,47862.09104863789,60932.799482326816,28762.267362817598,25926.588281470624,163483.74617525292,1634.8374617525292,1634.8374617525292
2024-04-14,Carnation,15454.426813404343,17733.748534889048,12467.451570251926,11551.735128798518,40181.509714851294,78028.49355351181,37402.354710755775,38120.725925035105,193733.083904154,1937.3308390415398,1937.3308390415398
2024-04-21,Carnation,21729.6708891673,15622.500309087072,14618.321212682857,14015.234840582238,56497.144311834985,68739.00135998313,43854.96363804857,46250.27497392138,215341.38428378807,2153.4138428378806,2153.4138428378806
2024-04-28,Carnation,19616.2472255577,13088.91911879915,7590.330519613641,12366.234544561,51002.24278645003,57591.24412271626,22770.99155884092,40808.5739970513,172173.05246505854,1721.7305246505855,1721.7305246505855
2024-05-05,Carnation,17730.94776414709,12155.492580804652,9030.14067363621,10053.213593494089,46100.46418678244,53484.16735554047,27090.422020908627,33175.60485853049,159850.65842176203,1598.5065842176202,1598.5065842176202
2024-05-12,Carnation,25061.424905217697,16763.279513898902,9988.041038025074,14663.899450002047,65159.70475356602,73758.42986115518,29964.12311407522,48390.86818500675,217273.12591380317,2172.731259138032,2172.731259138032
2024-05-19,Carnation,20232.104922942854,13277.431597343473,12284.686115904486,12970.038078632386,52603.47279965142,58420.69902831129,36854.05834771346,42801.12565948687,190679.35583516303,1906.7935583516303,1906.7935583516303
2024-05-26,Carnation,16888.26153702063,14619.322643832784,8686.572619922865,9510.960484264195,43909.47999625364,64325.019632864256,26059.717859768592,31386.16959807184,165680.38708695833,1656.8038708695833,1656.8038708695833
2024-06-02,Carnation,22778.532642594924,18818.83328094026,7902.148639271289,13013.344626043028,59224.1848707468,82802.86643613715,23706.445917813864,42944.03726594199,208677.5344906398,2086.775344906398,2086.775344906398
2024-06-09,Carnation,18048.07229263452,14025.749232470607,9111.409113641696,10444.816614576332,46924.98796084975,61713.29662287068,27334.227340925085,34467.89482810189,170440.4067527474,1704.404067527474,1704.404067527474
2024-06-16,Carnation,20145.564883834482,13338.099767177924,10405.685238669757,11909.571402991554,52378.468697969656,58687.63897558287,31217.055716009272,39301.58562987213,181584.74901943395,1815.8474901943396,1815.8474901943396
2024-06-23,Carnation,19283.15585940077,13184.872675916804,9134.8430041475,13359.70420648636,50136.205234442,58013.43977403394,27404.5290124425,44087.02388140499,179641.19790232342,1796.4119790232342,1796.4119790232342
2024-06-30,Carnation,21502.75156287314,13044.889510402898,10148.998458143838,13352.49682206922,55907.15406347017,57397.51384577276,30446.995374431513,44063.239512828426,187814.90279650287,1878.1490279650286,1878.1490279650286
2024-07-07,Carnation,14991.784156635884,16086.72038475987,9006.06436158123,13027.077603467687,38978.6388072533,70781.56969294343,27018.19308474369,42989.35609144337,179767.7576763838,1797.677576763838,1797.677576763838
2024-07-14,Carnation,17710.222530372448,11390.235798670961,7558.686343175255,12086.552903990487,46046.578578968365,50117.03751415223,22676.059029525764,39885.6245831686,158725.29970581495,1587.2529970581495,1587.2529970581495
2024-07-21,Carnation,20779.167505164445,13191.366749791183,10957.88868816606,9009.263887915873,54025.83551342756,58042.01369908121,32873.66606449818,29730.57083012238,174672.08610712935,1746.7208610712935,1746.7208610712935
2024-07-28,Carnation,19801.76060405805,12577.967600475087,9022.245838296762,12085.317608369545,51484.57757055093,55343.05744209039,27066.737514890287,39881.5481076195,173775.9206351511,1737.759206351511,1737.759206351511
2024-08-04,Carnation,17418.759904148144,14230.888911540349,11509.43921382166,10961.594634858333,45288.77575078518,62615.91121077754,34528.31764146498,36173.262295032495,178606.26689806022,1786.0626689806022,1786.0626689806022
2024-08-11,Carnation,22507.076336195427,12740.586290684763,10794.706266872925,14594.82351718422,58518.398474108115,56058.57967901296,32384.118800618773,48162.917606707924,195124.01456044777,1951.2401456044777,1951.2401456044777
2024-08-18,Carnation,12585.066499618133,13406.209489059047,10865.60819077081,11634.518305122614,32721.172899007146,58987.32175185981,32596.82457231243,38393.91040690462,162699.229630084,1626.99229630084,1626.99229630084
2024-08-25,Carnation,21113.437620113928,13792.02962656836,10129.88468120935,11719.780976294256,54894.937812296215,60684.93035690078,30389.654043628052,38675.277221771044,184644.7994345961,1846.447994345961,1846.447994345961
2024-09-01,Carnation,23503.346184979422,15508.841686602425,10506.403993112803,11258.621460979559,61108.7000809465,68238.90342105068,31519.211979338408,37153.450821232545,198020.26630256814,1980.2026630256814,1980.2026630256814
2024-09-08,Carnation,18537.18132778252,14134.883624360758,10591.678213567446,11242.227934523527,48196.67145223456,62193.48794718734,31775.03464070234,37099.352183927636,179264.54622405188,1792.6454622405188,1792.6454622405188
2024-09-15,Carnation,20869.324570689238,19150.801597290876,11306.687055147539,11413.157642097885,54260.24388379202,84263.52702807986,33920.06116544262,37663.42021892302,210107.2522962375,2101.072522962375,2101.072522962375
2024-09-22,Carnation,23603.641766491834,14183.849253956898,6942.813197233219,10185.444640348673,61369.468592878766,62408.93671741035,20828.43959169966,33611.96731315062,178218.8122151394,1782.1881221513938,1782.1881221513938
2024-09-29,Carnation,14387.624236922433,14296.973031917383,10027.627568784328,15017.58716209551,37407.82301599833,62906.68134043649,30082.882706352982,49558.03763491518,179955.42469770298,1799.5542469770298,1799.5542469770298
2024-10-06,Carnation,20980.782121292486,14561.798942382271,11244.108371775234,8019.956443785806,54550.03351536047,64071.915346482,33732.3251153257,26465.85626449316,178820.13024166133,1788.2013024166133,1788.2013024166133
2024-10-13,Carnation,20706.843674325697,16541.730387773932,7782.120631330237,14058.757277772473,53837.79355324681,72783.6137062053,23346.36189399071,46393.89901664916,196361.668170092,1963.6166817009198,1963.6166817009198
2024-10-20,Carnation,21015.489222483244,14169.424172198398,10949.172799159427,16087.247144047913,54640.27197845643,62345.46635767296,32847.518397478285,53087.91557535811,202921.1723089658,2029.2117230896579,2029.2117230896579
2024-10-27,Carnation,20545.598765175484,15496.441172600673,9310.958650689634,10470.280134963376,53418.55678945626,68184.34115944296,27932.875952068902,34551.92444537914,184087.69834634726,1840.8769834634725,1840.8769834634725
2024-11-03,Carnation,22491.007449632736,13287.832348182266,10107.349355829088,11140.21659582279,58476.61936904512,58466.462332001975,30322.048067487267,36762.714766215206,184027.84453474957,1840.2784453474958,1840.2784453474958
2024-11-10,Carnation,21436.939477239175,15667.324210573897,11556.309916386848,11081.970482061455,55736.042640821855,68936.22652652515,34668.92974916055,36570.502590802804,195911.70150731032,1959.1170150731032,1959.1170150731032
2024-11-17,Carnation,19190.375194119886,13042.472568435385,9333.560109885833,12679.140887480735,49894.97550471171,57386.8793011157,28000.6803296575,41841.16492868642,177123.70006417134,1771.2370006417134,1771.2370006417134
2024-11-24,Carnation,22270.965849936056,13155.669351644749,11304.408880158491,14440.14814584891,57904.51120983375,57884.9451472369,33913.22664047548,47652.488881301404,197355.17187884753,1973.5517187884752,1973.5517187884752
2024-12-01,Carnation,21240.3047096711,18753.591625116132,8839.31620134464,9759.621534039448,55224.79224514487,82515.80315051098,26517.948604033918,32206.75106233018,196465.29506201993,1964.6529506201994,1964.6529506201994
2024-12-08,Carnation,14663.839253287164,17992.088622978365,10981.548484531086,11899.94759236118,38125.98205854663,79165.1899411048,32944.64545359326,39269.827054791895,189505.6445080366,1895.056445080366,1895.056445080366
2024-12-15,Carnation,20839.90587895946,12749.021905403246,13668.627969425239,12232.59812755541,54183.755285294596,56095.69638377429,41005.88390827572,40367.57382093285,191652.90939827746,1916.5290939827746,1916.5290939827746
2024-12-22,Carnation,20328.184383814678,16451.533247797383,10721.51384760507,12402.991243702436,52853.279397918166,72386.7462903085,32164.541542815212,40929.87110421804,198334.4383352599,1983.3443833525992,1983.3443833525992
2024-12-29,Carnation,17628.576633664063,15942.936714271991,12823.03674471255,14421.756083078959,45834.299247526564,70148.92154279677,38469.11023413765,47591.79507416056,202044.12609862155,2020.4412609862154,2020.4412609862154
2024-01-07,Dahlia,24779.55987991819,13977.56864713763,8515.592769612129,11773.583543820634,64426.8556877873,61501.30204740558,25546.778308836387,38852.82569460809,190327.76173863737,1903.2776173863738,1903.2776173863738
2024-01-14,Dahlia,20167.174736866084,17188.383036941897,7461.303055427771,14753.190575029104,52434.65431585182,75628.88536254436,22383.909166283313,48685.52889759604,199132.9777422755,1991.3297774227551,1991.3297774227551
2024-01-21,Dahlia,19525.976304263033,14146.23786010516,8481.843437109748,9021.257990641616,50767.53839108389,62243.44658446271,25445.530311329247,29770.15136911733,168226.66665599315,1682.2666665599315,1682.2666665599315
2024-01-28,Dahlia,22469.511751885744,15146.635934376807,8065.058650388419,9668.85821028549,58420.73055490293,66645.19811125795,24195.175951165256,31907.23209394212,181168.33671126826,1811.6833671126826,1811.6833671126826
2024-02-04,Dahlia,18992.645902129614,18338.043050578784,9610.612972954594,9294.34268438741,49380.879345536996,80687.38942254666,28831.83891886378,30671.33085847845,189571.4385454259,1895.714385454259,1895.714385454259
2024-02-11,Dahlia,19262.770807742167,14454.552860504658,5954.670035587642,11902.269240267939,50083.20410012964,63600.0325862205,17864.010106762926,39277.48849288419,170824.73528599727,1708.2473528599728,1708.2473528599728
2024-02-18,Dahlia,19307.196409373966,16392.412729626838,12773.434142418018,14027.817053185963,50198.71066437232,72126.61601035809,38320.30242725406,46291.796275513676,206937.42537749815,2069.3742537749813,2069.3742537749813
2024-02-25,Dahlia,19193.33392833551,12786.948182516659,13860.039704874791,12106.593181226079,49902.668213672325,56262.5720030733,41580.11911462437,39951.757498046056,187697.11682941605,1876.9711682941604,1876.9711682941604
2024-03-03,Dahlia,20041.78787573884,14951.749825779993,10297.127141151783,11740.151258536904,52108.648476920986,65787.69923343197,30891.38142345535,38742.49915317178,187530.22828698007,1875.3022828698006,1875.3022828698006
2024-03-10,Dahlia,18279.01397935929,13906.282117519215,9950.870094676002,11021.835411959222,47525.43634633416,61187.64131708455,29852.610284028007,36372.05685946543,174937.74480691215,1749.3774480691216,1749.3774480691216
2024-03-17,Dahlia,17861.462651968508,15212.860455383794,9617.534173868717,14707.18737944884,46439.802895118126,66936.5860036887,28852.60252160615,48533.71835218117,190762.70977259413,1907.6270977259412,1907.6270977259412
2024-03-24,Dahlia,12047.090574820964,17183.013703844925,11869.127788746444,8267.897581665331,31322.435494534508,75605.26029691768,35607.38336623933,27284.06201949559,169819.1411771871,1698.191411771871,1698.191411771871
2024-03-31,Dahlia,18971.937217758954,14257.118268008417,7888.732457923268,10599.929962336424,49327.03676617328,62731.32037923704,23666.197373769806,34979.7688757102,170704.32339489032,1707.0432339489032,1707.0432339489032
2024-04-07,Dahlia,16668.272463602512,18504.540886847244,11403.517589721192,14288.799170989485,43337.508405366534,81419.97990212787,34210.55276916358,47153.037264265295,206121.0783409233,2061.210783409233,2061.210783409233
2024-04-14,Dahlia,22165.016192129704,12741.896457565541,9213.21960058034,12880.874210210253,57629.04209953723,56064.34441328838,27639.658801741018,42506.88489369383,183839.93020826048,1838.399302082605,1838.399302082605
2024-04-21,Dahlia,16333.616573324163,16425.996860344778,9639.511902762797,11325.322546410724,42467.40309064282,72274.38618551703,28918.535708288393,37373.56440315539,181033.88938760362,1810.338893876036,1810.338893876036
2024-04-28,Dahlia,22132.879904610476,15888.52662297208,9458.55075127138,14086.793646055647,57545.48775198724,69909.51714107716,28375.652253814136,46486.419031983634,202317.0761788622,2023.1707617886218,2023.1707617886218
2024-05-05,Dahlia,16756.810017200307,16231.871213888528,10889.651886952575,11442.816409234818,43567.7060447208,71420.23334110953,32668.955660857726,37761.294150474896,185418.18919716295,1854.1818919716295,1854.1818919716295
2024-05-12,Dahlia,20978.399066726353,12497.772847229395,11386.040528810352,11667.17615440262,54543.83757348852,54990.20052780934,34158.12158643106,38501.68130952864,182193.84099725756,1821.9384099725755,1821.9384099725755
2024-05-19,Dahlia,18431.830938442883,17098.01845167378,8943.484464185862,9464.769666545593,47922.7604399515,75231.28118736463,26830.453392557585,31233.739899600456,181218.23491947417,1812.1823491947416,1812.1823491947416
2024-05-26,Dahlia,15330.112479428288,16212.01990269128,8079.355971255575,15158.629527571857,39858.29244651355,71332.88757184164,24238.067913766725,50023.477440987124,185452.72537310905,1854.5272537310905,1854.5272537310905
2024-06-02,Dahlia,13754.211776348835,18392.912736580078,10316.526200803928,11825.916398633293,35760.95061850697,80928.81604095236,30949.578602411784,39025.52411548987,186664.86937736097,1866.6486937736097,1866.6486937736097
2024-06-09,Dahlia,18365.24273957315,15798.272228704142,9943.547946362727,13985.943387629739,47749.63112289019,69512.39780629824,29830.64383908818,46153.61317917814,193246.28594745474,1932.4628594745475,1932.4628594745475
2024-06-16,Dahlia,20342.68294598612,15300.603522923755,9454.581681679216,11897.49787730208,52890.97565956391,67322.65550086452,28363.74504503765,39261.74299509686,187839.11920056294,1878.3911920056294,1878.3911920056294
2024-06-23,Dahlia,20923.405306676177,11579.663214686749,7977.721866841431,13337.875369240886,54400.85379735806,50950.518144621696,23933.16560052429,44014.988718494926,173299.52626099897,1732.9952626099898,1732.9952626099898
2024-06-30,Dahlia,20512.596314383827,14632.033327294641,10027.65089959809,12625.647069651008,53332.750417397954,64380.94664009642,30082.952698794266,41664.63532984832,189461.28508613695,1894.6128508613695,1894.6128508613695
2024-07-07,Dahlia,18380.720959071914,13443.390549195374,10293.767882646522,10238.929000292943,47789.874493586976,59150.91841645965,30881.303647939567,33788.465700966706,171610.5622589529,1716.105622589529,1716.105622589529
2024-07-14,Dahlia,21224.758267143414,11594.832791524319,11543.733455988466,12850.675468343477,55184.37149457288,51017.26428270701,34631.2003679654,42407.22904553347,183240.06519077875,1832.4006519077875,1832.4006519077875
2024-07-21,Dahlia,20768.089202941628,16965.38196789103,12498.211666693865,13825.866117032634,53997.03192764823,74647.68065872054,37494.635000081595,45625.35818620769,211764.70577265805,2117.6470577265804,2117.6470577265804
2024-07-28,Dahlia,14477.377306005064,12440.846066528597,9062.772133456481,12046.9638903795,37641.18099561317,54739.72269272583,27188.316400369444,39754.98083825235,159324.2009269608,1593.242009269608,1593.242009269608
2024-08-04,Dahlia,21552.977061407368,13548.51237369307,10280.150146715618,10640.310721764019,56037.74035965916,59613.45444424951,30840.45044014685,35113.02538182126,181604.67062587678,1816.0467062587677,1816.0467062587677
2024-08-11,Dahlia,18165.446591024156,12186.677806303556,8615.150130833643,9566.9677098906,47230.161136662806,53621.38234773565,25845.450392500927,31570.993442638977,158267.98731953837,1582.6798731953836,1582.6798731953836
2024-08-18,Dahlia,17072.380241068,17107.283593215678,8575.901666752085,16738.287716707302,44388.1886267768,75272.04781014899,25727.705000256254,55236.349465134095,200624.29090231613,2006.2429090231612,2006.2429090231612
2024-08-25,Dahlia,21479.953702642666,15369.672247389748,8712.46332972818,13260.557782936185,55847.879626870934,67626.5578885149,26137.38998918454,43759.84068368941,193371.66818825976,1933.7166818825976,1933.7166818825976
2024-09-01,Dahlia,18273.086521286677,15244.019629290722,13840.126807403192,11827.09218049563,47510.02495534536,67073.68636887918,41520.38042220958,39029.40419563558,195133.49594206968,1951.3349594206968,1951.3349594206968
2024-09-08,Dahlia,23447.819978857027,13593.647149748225,9947.517264254557,15187.441144143919,60964.33194502827,59812.04745889219,29842.55179276367,50118.555775674926,200737.48697235907,2007.3748697235906,2007.3748697235906
2024-09-15,Dahlia,18119.0988266367,18624.89711599386,11061.627903183213,10987.559803390319,47109.65694925542,81949.54731037299,33184.88370954964,36258.94735118805,198503.0353203661,1985.030353203661,1985.030353203661
2024-09-22,Dahlia,21897.223217166564,16945.10889925346,10932.714943325795,9173.59550419718,56932.780364633065,74558.47915671523,32798.144829977384,30272.86516385069,194562.26951517636,1945.6226951517635,1945.6226951517635
2024-09-29,Dahlia,17818.588472525393,14504.96272889699,9888.34985634993,13117.20977559122,46328.33002856602,63821.83600714676,29665.049569049792,43286.792259451024,183102.0078642136,1831.020078642136,1831.020078642136
2024-10-06,Dahlia,20533.103002799762,12329.311282579798,10570.296776508945,13099.054341510882,53386.06780727938,54248.96964335111,31710.890329526836,43226.87932698591,182572.80710714325,1825.7280710714324,1825.7280710714324
2024-10-13,Dahlia,21679.37134379312,17161.561451109243,11250.883231823356,12826.524142611186,56366.36549386211,75510.87038488068,33752.64969547007,42327.52967061691,207957.41524482978,2079.574152448298,2079.574152448298
2024-10-20,Dahlia,19789.502865624057,11678.078132968018,10644.42732869888,12373.8378368936,51452.707450622554,51383.54378505928,31933.281986096637,40833.664861748875,175603.19808352733,1756.0319808352733,1756.0319808352733
2024-10-27,Dahlia,20814.73651158612,12446.502848359381,8378.415189387606,13895.675135999227,54118.31493012392,54764.612532781284,25135.24556816282,45855.727948797445,179873.90097986546,1798.7390097986545,1798.7390097986545
2024-11-03,Dahlia,19881.334538430034,16363.00139474525,10042.477564195691,12053.561051092342,51691.469799918086,71997.2061368791,30127.432692587074,39776.75146860472,193592.860097989,1935.92860097989,1935.92860097989
2024-11-10,Dahlia,22814.851417927992,13967.910543565253,10144.181165411475,11167.904480330924,59318.61368661278,61458.80639168712,30432.543496234426,36854.08478509205,188064.04835962635,1880.6404835962635,1880.6404835962635
2024-11-17,Dahlia,18696.511317703054,14381.655753062721,10333.200657450569,11138.25248100574,48610.92942602794,63279.28531347598,30999.601972351706,36756.23318731894,179646.04989917454,1796.4604989917455,1796.4604989917455
2024-11-24,Dahlia,23767.268376720564,13210.785395560992,9719.692533757961,11208.484095106485,61794.89777947347,58127.455740468366,29159.077601273886,36987.9975138514,186069.42863506713,1860.6942863506713,1860.6942863506713
2024-12-01,Dahlia,24340.933653061198,15393.109553023149,11547.766809202953,9325.991328533451,63286.427497959114,67729.68203330185,34643.30042760886,30775.771384160387,196435.1813430302,1964.3518134303022,1964.3518134303022
2024-12-08,Dahlia,20801.150797607777,16779.261591246875,10123.425983913135,13917.864675117633,54082.992073780224,73828.75100148626,30370.27795173941,45928.953427888184,204210.97445489408,2042.1097445489409,2042.1097445489409
2024-12-15,Dahlia,18448.134649698884,17818.69488037116,13448.347185428876,11346.890591208614,47965.1500892171,78402.25747363312,40345.041556286626,37444.73895098842,204157.18807012527,2041.5718807012527,2041.5718807012527
2024-12-22,Dahlia,18663.492435797685,17906.768954235402,12369.35821859607,11058.851951124117,48525.08033307398,78789.78339863577,37108.07465578821,36494.211438709586,200917.14982620755,2009.1714982620754,2009.1714982620754
2024-12-29,Dahlia,18739.439548712427,14436.430782278985,7983.324233448584,10346.426496328444,48722.542826652316,63520.29544202754,23949.972700345752,34143.207437883866,170336.01840690945,1703.3601840690944,1703.3601840690944
